{"schemaVersion":"1.0","appDefinitionTemplate":{"id":"/providers/Microsoft.PowerApps/apps/","type":"Microsoft.PowerApps/apps","tags":{"minimumRequiredApiVersion":"2.2.0"},"properties":{"appVersion":"2018-10-22T13:15:30Z","lifeCycleId":"Published","createdByClientVersion":{"major":3,"minor":18102,"build":20,"revision":0,"majorRevision":0,"minorRevision":0},"minClientVersion":{"major":3,"minor":18102,"build":20,"revision":0,"majorRevision":0,"minorRevision":0},"backgroundColor":"rgba(0, 176, 240, 1)","backgroundImageUri":"/709304159197950794/N8479db7a-dd00-49fd-b5bd-0ccba39bcac1-logoSmallFile","displayName":"Email Application","description":"","appUris":{"documentUri":{"value":"/709304159197950794/N7cfdd6bf-75c4-4f68-a4e0-f4254b996b1c-document.msapp","readonlyValue":"/709304159197950794/N7cfdd6bf-75c4-4f68-a4e0-f4254b996b1c-document.msapp"},"imageUris":[]},"createdTime":"0001-01-01T00:00:00Z","lastModifiedTime":"0001-01-01T00:00:00Z","sharedGroupsCount":0,"sharedUsersCount":0,"icons":{"smallIconUri":"/709304159197950794/N1ccc5514-c474-42d4-8c51-e03371a8a956-small.png","mediumIconUri":"/709304159197950794/N4cb98e5d-d3d6-4806-88a2-9b0130267142-medium.png","largeIconUri":"/709304159197950794/Nf0583118-ada5-4f81-b5db-25c006a1ce06-large.png","wideIconUri":"/709304159197950794/Naa91a7d3-915c-4cb6-a7a9-09a41e7cd28e-wide.png"},"connectionReferences":{"72793fed-efcd-41ac-8f35-b0d9f47a1446":{"id":"c0c390b1-c142-4b52-9a15-c9ff5ba3b50d","displayName":"Office 365 Outlook","iconUri":"https://connectoricons-prod.azureedge.net/office365/icon_1.0.1008.1183.png","dataSources":["Office365"],"dependencies":[],"dependents":[],"parameterHints":{},"isOnPremiseConnection":false,"bypassConsent":false,"dataSets":{},"apiTier":"Standard"},"2f52dc77-18de-43ad-a150-df889ef4eb90":{"id":"d1f58aec-2c59-4717-a7a9-5203211fa8e0","displayName":"Office 365 Users","iconUri":"https://connectoricons-prod.azureedge.net/office365users/icon_1.0.1002.1175.png","dataSources":["Office365Users"],"dependencies":[],"dependents":[],"parameterHints":{},"isOnPremiseConnection":false,"bypassConsent":false,"dataSets":{},"apiTier":"Standard"}},"almMode":"Environment"}}}